{"frames": {

"2x2-block.png":
{
	"frame": {"x":705,"y":1098,"w":200,"h":200},
	"rotated": false,
	"trimmed": false,
	"spriteSourceSize": {"x":0,"y":0,"w":200,"h":200},
	"sourceSize": {"w":200,"h":200}
},
"background.png":
{
	"frame": {"x":1,"y":1,"w":1942,"h":1095},
	"rotated": false,
	"trimmed": false,
	"spriteSourceSize": {"x":0,"y":0,"w":1942,"h":1095},
	"sourceSize": {"w":1942,"h":1095}
},
"four-block-flat.png":
{
	"frame": {"x":1,"y":1098,"w":400,"h":100},
	"rotated": false,
	"trimmed": false,
	"spriteSourceSize": {"x":0,"y":0,"w":400,"h":100},
	"sourceSize": {"w":400,"h":100}
},
"four-block.png":
{
	"frame": {"x":1945,"y":1,"w":100,"h":400},
	"rotated": false,
	"trimmed": false,
	"spriteSourceSize": {"x":0,"y":0,"w":100,"h":400},
	"sourceSize": {"w":100,"h":400}
},
"max/hat/max_00001.png":
{
	"frame": {"x":1945,"y":907,"w":47,"h":91},
	"rotated": false,
	"trimmed": true,
	"spriteSourceSize": {"x":29,"y":8,"w":47,"h":91},
	"sourceSize": {"w":100,"h":100}
},
"max/hat/max_00002.png":
{
	"frame": {"x":1945,"y":1000,"w":42,"h":89},
	"rotated": false,
	"trimmed": true,
	"spriteSourceSize": {"x":35,"y":9,"w":42,"h":89},
	"sourceSize": {"w":100,"h":100}
},
"max/hat/max_00003.png":
{
	"frame": {"x":1945,"y":1091,"w":42,"h":89},
	"rotated": false,
	"trimmed": true,
	"spriteSourceSize": {"x":36,"y":9,"w":42,"h":89},
	"sourceSize": {"w":100,"h":100}
},
"max/hat/max_00004.png":
{
	"frame": {"x":1229,"y":1257,"w":45,"h":82},
	"rotated": false,
	"trimmed": true,
	"spriteSourceSize": {"x":39,"y":14,"w":45,"h":82},
	"sourceSize": {"w":100,"h":100}
},
"max/hat/max_00005.png":
{
	"frame": {"x":1994,"y":907,"w":48,"h":87},
	"rotated": false,
	"trimmed": true,
	"spriteSourceSize": {"x":32,"y":13,"w":48,"h":87},
	"sourceSize": {"w":100,"h":100}
},
"max/hat/max_00006.png":
{
	"frame": {"x":617,"y":1200,"w":51,"h":85},
	"rotated": false,
	"trimmed": true,
	"spriteSourceSize": {"x":29,"y":14,"w":51,"h":85},
	"sourceSize": {"w":100,"h":100}
},
"max/hat/max_00007.png":
{
	"frame": {"x":1027,"y":1246,"w":59,"h":83},
	"rotated": false,
	"trimmed": true,
	"spriteSourceSize": {"x":21,"y":15,"w":59,"h":83},
	"sourceSize": {"w":100,"h":100}
},
"max/hat/max_00008.png":
{
	"frame": {"x":1364,"y":1098,"w":60,"h":83},
	"rotated": false,
	"trimmed": true,
	"spriteSourceSize": {"x":18,"y":15,"w":60,"h":83},
	"sourceSize": {"w":100,"h":100}
},
"max/hat/max_00009.png":
{
	"frame": {"x":1122,"y":1245,"w":60,"h":83},
	"rotated": false,
	"trimmed": true,
	"spriteSourceSize": {"x":19,"y":13,"w":60,"h":83},
	"sourceSize": {"w":100,"h":100}
},
"max/hat/max_00010.png":
{
	"frame": {"x":457,"y":1255,"w":67,"h":78},
	"rotated": false,
	"trimmed": true,
	"spriteSourceSize": {"x":20,"y":20,"w":67,"h":78},
	"sourceSize": {"w":100,"h":100}
},
"max/hat/max_00011.png":
{
	"frame": {"x":296,"y":1200,"w":82,"h":55},
	"rotated": false,
	"trimmed": true,
	"spriteSourceSize": {"x":11,"y":43,"w":82,"h":55},
	"sourceSize": {"w":100,"h":100}
},
"max/hat/max_00012.png":
{
	"frame": {"x":203,"y":1200,"w":91,"h":36},
	"rotated": false,
	"trimmed": true,
	"spriteSourceSize": {"x":9,"y":64,"w":91,"h":36},
	"sourceSize": {"w":100,"h":100}
},
"max/hat/max_00013.png":
{
	"frame": {"x":907,"y":1098,"w":70,"h":66},
	"rotated": false,
	"trimmed": true,
	"spriteSourceSize": {"x":18,"y":33,"w":70,"h":66},
	"sourceSize": {"w":100,"h":100}
},
"max/hat/max_00014.png":
{
	"frame": {"x":1776,"y":1262,"w":50,"h":68},
	"rotated": false,
	"trimmed": true,
	"spriteSourceSize": {"x":36,"y":31,"w":50,"h":68},
	"sourceSize": {"w":100,"h":100}
},
"max/hat/max_00015.png":
{
	"frame": {"x":1163,"y":1172,"w":60,"h":68},
	"rotated": false,
	"trimmed": true,
	"spriteSourceSize": {"x":29,"y":31,"w":60,"h":68},
	"sourceSize": {"w":100,"h":100}
},
"max/hat/max_00016.png":
{
	"frame": {"x":1122,"y":1159,"w":39,"h":84},
	"rotated": false,
	"trimmed": true,
	"spriteSourceSize": {"x":30,"y":12,"w":39,"h":84},
	"sourceSize": {"w":100,"h":100}
},
"max/hat/max_00017.png":
{
	"frame": {"x":203,"y":1238,"w":75,"h":88},
	"rotated": false,
	"trimmed": true,
	"spriteSourceSize": {"x":12,"y":11,"w":75,"h":88},
	"sourceSize": {"w":100,"h":100}
},
"max/hat/max_00018.png":
{
	"frame": {"x":1989,"y":1000,"w":41,"h":88},
	"rotated": false,
	"trimmed": true,
	"spriteSourceSize": {"x":26,"y":12,"w":41,"h":88},
	"sourceSize": {"w":100,"h":100}
},
"max/hat/max_00019.png":
{
	"frame": {"x":1989,"y":1090,"w":43,"h":86},
	"rotated": false,
	"trimmed": true,
	"spriteSourceSize": {"x":35,"y":14,"w":43,"h":86},
	"sourceSize": {"w":100,"h":100}
},
"max/hat/max_00020.png":
{
	"frame": {"x":907,"y":1253,"w":56,"h":83},
	"rotated": false,
	"trimmed": true,
	"spriteSourceSize": {"x":32,"y":16,"w":56,"h":83},
	"sourceSize": {"w":100,"h":100}
},
"max/hat/max_00021.png":
{
	"frame": {"x":1989,"y":1178,"w":43,"h":86},
	"rotated": false,
	"trimmed": true,
	"spriteSourceSize": {"x":28,"y":12,"w":43,"h":86},
	"sourceSize": {"w":100,"h":100}
},
"max/pony/max_00001.png":
{
	"frame": {"x":989,"y":1164,"w":36,"h":85},
	"rotated": false,
	"trimmed": true,
	"spriteSourceSize": {"x":28,"y":13,"w":36,"h":85},
	"sourceSize": {"w":100,"h":100}
},
"max/pony/max_00002.png":
{
	"frame": {"x":1045,"y":1159,"w":39,"h":85},
	"rotated": false,
	"trimmed": true,
	"spriteSourceSize": {"x":29,"y":14,"w":39,"h":85},
	"sourceSize": {"w":100,"h":100}
},
"max/pony/max_00003.png":
{
	"frame": {"x":1481,"y":1181,"w":35,"h":83},
	"rotated": false,
	"trimmed": true,
	"spriteSourceSize": {"x":34,"y":15,"w":35,"h":83},
	"sourceSize": {"w":100,"h":100}
},
"max/pony/max_00004.png":
{
	"frame": {"x":989,"y":1251,"w":36,"h":83},
	"rotated": false,
	"trimmed": true,
	"spriteSourceSize": {"x":34,"y":15,"w":36,"h":83},
	"sourceSize": {"w":100,"h":100}
},
"max/pony/max_00005.png":
{
	"frame": {"x":1895,"y":1098,"w":38,"h":77},
	"rotated": false,
	"trimmed": true,
	"spriteSourceSize": {"x":39,"y":19,"w":38,"h":77},
	"sourceSize": {"w":100,"h":100}
},
"max/pony/max_00006.png":
{
	"frame": {"x":1638,"y":1179,"w":40,"h":82},
	"rotated": false,
	"trimmed": true,
	"spriteSourceSize": {"x":32,"y":18,"w":40,"h":82},
	"sourceSize": {"w":100,"h":100}
},
"max/pony/max_00007.png":
{
	"frame": {"x":1853,"y":1182,"w":47,"h":80},
	"rotated": false,
	"trimmed": true,
	"spriteSourceSize": {"x":29,"y":19,"w":47,"h":80},
	"sourceSize": {"w":100,"h":100}
},
"max/pony/max_00008.png":
{
	"frame": {"x":1426,"y":1181,"w":53,"h":78},
	"rotated": false,
	"trimmed": true,
	"spriteSourceSize": {"x":21,"y":20,"w":53,"h":78},
	"sourceSize": {"w":100,"h":100}
},
"max/pony/max_00009.png":
{
	"frame": {"x":1656,"y":1098,"w":53,"h":79},
	"rotated": false,
	"trimmed": true,
	"spriteSourceSize": {"x":18,"y":19,"w":53,"h":79},
	"sourceSize": {"w":100,"h":100}
},
"max/pony/max_00010.png":
{
	"frame": {"x":1799,"y":1182,"w":52,"h":78},
	"rotated": false,
	"trimmed": true,
	"spriteSourceSize": {"x":19,"y":18,"w":52,"h":78},
	"sourceSize": {"w":100,"h":100}
},
"max/pony/max_00011.png":
{
	"frame": {"x":1175,"y":1098,"w":61,"h":72},
	"rotated": false,
	"trimmed": true,
	"spriteSourceSize": {"x":20,"y":26,"w":61,"h":72},
	"sourceSize": {"w":100,"h":100}
},
"max/pony/max_00012.png":
{
	"frame": {"x":461,"y":1200,"w":77,"h":53},
	"rotated": false,
	"trimmed": true,
	"spriteSourceSize": {"x":11,"y":45,"w":77,"h":53},
	"sourceSize": {"w":100,"h":100}
},
"max/pony/max_00013.png":
{
	"frame": {"x":1,"y":1302,"w":80,"h":36},
	"rotated": false,
	"trimmed": true,
	"spriteSourceSize": {"x":9,"y":62,"w":80,"h":36},
	"sourceSize": {"w":100,"h":100}
},
"max/pony/max_00014.png":
{
	"frame": {"x":979,"y":1098,"w":64,"h":64},
	"rotated": false,
	"trimmed": true,
	"spriteSourceSize": {"x":18,"y":35,"w":64,"h":64},
	"sourceSize": {"w":100,"h":100}
},
"max/pony/max_00015.png":
{
	"frame": {"x":1828,"y":1264,"w":44,"h":67},
	"rotated": false,
	"trimmed": true,
	"spriteSourceSize": {"x":36,"y":32,"w":44,"h":67},
	"sourceSize": {"w":100,"h":100}
},
"max/pony/max_00016.png":
{
	"frame": {"x":1600,"y":1098,"w":54,"h":67},
	"rotated": false,
	"trimmed": true,
	"spriteSourceSize": {"x":29,"y":32,"w":54,"h":67},
	"sourceSize": {"w":100,"h":100}
},
"max/pony/max_00017.png":
{
	"frame": {"x":1722,"y":1177,"w":35,"h":80},
	"rotated": false,
	"trimmed": true,
	"spriteSourceSize": {"x":34,"y":16,"w":35,"h":80},
	"sourceSize": {"w":100,"h":100}
},
"max/pony/max_00018.png":
{
	"frame": {"x":380,"y":1238,"w":75,"h":86},
	"rotated": false,
	"trimmed": true,
	"spriteSourceSize": {"x":12,"y":13,"w":75,"h":86},
	"sourceSize": {"w":100,"h":100}
},
"max/pony/max_00019.png":
{
	"frame": {"x":1238,"y":1171,"w":39,"h":84},
	"rotated": false,
	"trimmed": true,
	"spriteSourceSize": {"x":28,"y":16,"w":39,"h":84},
	"sourceSize": {"w":100,"h":100}
},
"max/pony/max_00020.png":
{
	"frame": {"x":1600,"y":1167,"w":36,"h":83},
	"rotated": false,
	"trimmed": true,
	"spriteSourceSize": {"x":35,"y":17,"w":36,"h":83},
	"sourceSize": {"w":100,"h":100}
},
"max/pony/max_00021.png":
{
	"frame": {"x":1426,"y":1098,"w":56,"h":81},
	"rotated": false,
	"trimmed": true,
	"spriteSourceSize": {"x":32,"y":18,"w":56,"h":81},
	"sourceSize": {"w":100,"h":100}
},
"max/scarf/max_00001.png":
{
	"frame": {"x":1086,"y":1159,"w":34,"h":85},
	"rotated": false,
	"trimmed": true,
	"spriteSourceSize": {"x":30,"y":13,"w":34,"h":85},
	"sourceSize": {"w":100,"h":100}
},
"max/scarf/max_00002.png":
{
	"frame": {"x":907,"y":1166,"w":39,"h":85},
	"rotated": false,
	"trimmed": true,
	"spriteSourceSize": {"x":29,"y":14,"w":39,"h":85},
	"sourceSize": {"w":100,"h":100}
},
"max/scarf/max_00003.png":
{
	"frame": {"x":1279,"y":1171,"w":40,"h":83},
	"rotated": false,
	"trimmed": true,
	"spriteSourceSize": {"x":29,"y":15,"w":40,"h":83},
	"sourceSize": {"w":100,"h":100}
},
"max/scarf/max_00004.png":
{
	"frame": {"x":1321,"y":1171,"w":38,"h":83},
	"rotated": false,
	"trimmed": true,
	"spriteSourceSize": {"x":32,"y":15,"w":38,"h":83},
	"sourceSize": {"w":100,"h":100}
},
"max/scarf/max_00005.png":
{
	"frame": {"x":1919,"y":1264,"w":38,"h":77},
	"rotated": false,
	"trimmed": true,
	"spriteSourceSize": {"x":39,"y":19,"w":38,"h":77},
	"sourceSize": {"w":100,"h":100}
},
"max/scarf/max_00006.png":
{
	"frame": {"x":1588,"y":1252,"w":40,"h":82},
	"rotated": false,
	"trimmed": true,
	"spriteSourceSize": {"x":32,"y":18,"w":40,"h":82},
	"sourceSize": {"w":100,"h":100}
},
"max/scarf/max_00007.png":
{
	"frame": {"x":1902,"y":1182,"w":47,"h":80},
	"rotated": false,
	"trimmed": true,
	"spriteSourceSize": {"x":29,"y":19,"w":47,"h":80},
	"sourceSize": {"w":100,"h":100}
},
"max/scarf/max_00008.png":
{
	"frame": {"x":1334,"y":1268,"w":53,"h":77},
	"rotated": false,
	"trimmed": true,
	"spriteSourceSize": {"x":21,"y":21,"w":53,"h":77},
	"sourceSize": {"w":100,"h":100}
},
"max/scarf/max_00009.png":
{
	"frame": {"x":1279,"y":1256,"w":53,"h":78},
	"rotated": false,
	"trimmed": true,
	"spriteSourceSize": {"x":18,"y":20,"w":53,"h":78},
	"sourceSize": {"w":100,"h":100}
},
"max/scarf/max_00010.png":
{
	"frame": {"x":1722,"y":1259,"w":52,"h":78},
	"rotated": false,
	"trimmed": true,
	"spriteSourceSize": {"x":19,"y":18,"w":52,"h":78},
	"sourceSize": {"w":100,"h":100}
},
"max/scarf/max_00011.png":
{
	"frame": {"x":1238,"y":1098,"w":61,"h":71},
	"rotated": false,
	"trimmed": true,
	"spriteSourceSize": {"x":20,"y":27,"w":61,"h":71},
	"sourceSize": {"w":100,"h":100}
},
"max/scarf/max_00012.png":
{
	"frame": {"x":526,"y":1287,"w":76,"h":48},
	"rotated": false,
	"trimmed": true,
	"spriteSourceSize": {"x":11,"y":50,"w":76,"h":48},
	"sourceSize": {"w":100,"h":100}
},
"max/scarf/max_00013.png":
{
	"frame": {"x":83,"y":1302,"w":79,"h":36},
	"rotated": false,
	"trimmed": true,
	"spriteSourceSize": {"x":9,"y":64,"w":79,"h":36},
	"sourceSize": {"w":100,"h":100}
},
"max/scarf/max_00014.png":
{
	"frame": {"x":1045,"y":1098,"w":63,"h":59},
	"rotated": false,
	"trimmed": true,
	"spriteSourceSize": {"x":18,"y":40,"w":63,"h":59},
	"sourceSize": {"w":100,"h":100}
},
"max/scarf/max_00015.png":
{
	"frame": {"x":1848,"y":1098,"w":45,"h":62},
	"rotated": false,
	"trimmed": true,
	"spriteSourceSize": {"x":34,"y":37,"w":45,"h":62},
	"sourceSize": {"w":100,"h":100}
},
"max/scarf/max_00016.png":
{
	"frame": {"x":1454,"y":1266,"w":53,"h":62},
	"rotated": false,
	"trimmed": true,
	"spriteSourceSize": {"x":29,"y":37,"w":53,"h":62},
	"sourceSize": {"w":100,"h":100}
},
"max/scarf/max_00017.png":
{
	"frame": {"x":1684,"y":1263,"w":31,"h":80},
	"rotated": false,
	"trimmed": true,
	"spriteSourceSize": {"x":38,"y":16,"w":31,"h":80},
	"sourceSize": {"w":100,"h":100}
},
"max/scarf/max_00018.png":
{
	"frame": {"x":280,"y":1257,"w":75,"h":85},
	"rotated": false,
	"trimmed": true,
	"spriteSourceSize": {"x":12,"y":14,"w":75,"h":85},
	"sourceSize": {"w":100,"h":100}
},
"max/scarf/max_00019.png":
{
	"frame": {"x":1518,"y":1181,"w":33,"h":83},
	"rotated": false,
	"trimmed": true,
	"spriteSourceSize": {"x":34,"y":17,"w":33,"h":83},
	"sourceSize": {"w":100,"h":100}
},
"max/scarf/max_00020.png":
{
	"frame": {"x":1184,"y":1242,"w":43,"h":83},
	"rotated": false,
	"trimmed": true,
	"spriteSourceSize": {"x":28,"y":17,"w":43,"h":83},
	"sourceSize": {"w":100,"h":100}
},
"max/scarf/max_00021.png":
{
	"frame": {"x":1484,"y":1098,"w":56,"h":81},
	"rotated": false,
	"trimmed": true,
	"spriteSourceSize": {"x":32,"y":18,"w":56,"h":81},
	"sourceSize": {"w":100,"h":100}
},
"max/shorts/max_00001.png":
{
	"frame": {"x":670,"y":1200,"w":29,"h":85},
	"rotated": false,
	"trimmed": true,
	"spriteSourceSize": {"x":35,"y":13,"w":29,"h":85},
	"sourceSize": {"w":100,"h":100}
},
"max/shorts/max_00002.png":
{
	"frame": {"x":948,"y":1166,"w":39,"h":85},
	"rotated": false,
	"trimmed": true,
	"spriteSourceSize": {"x":29,"y":14,"w":39,"h":85},
	"sourceSize": {"w":100,"h":100}
},
"max/shorts/max_00003.png":
{
	"frame": {"x":1088,"y":1246,"w":31,"h":83},
	"rotated": false,
	"trimmed": true,
	"spriteSourceSize": {"x":38,"y":15,"w":31,"h":83},
	"sourceSize": {"w":100,"h":100}
},
"max/shorts/max_00004.png":
{
	"frame": {"x":1766,"y":1098,"w":31,"h":83},
	"rotated": false,
	"trimmed": true,
	"spriteSourceSize": {"x":39,"y":15,"w":31,"h":83},
	"sourceSize": {"w":100,"h":100}
},
"max/shorts/max_00005.png":
{
	"frame": {"x":1959,"y":1266,"w":38,"h":77},
	"rotated": false,
	"trimmed": true,
	"spriteSourceSize": {"x":39,"y":19,"w":38,"h":77},
	"sourceSize": {"w":100,"h":100}
},
"max/shorts/max_00006.png":
{
	"frame": {"x":1680,"y":1179,"w":40,"h":82},
	"rotated": false,
	"trimmed": true,
	"spriteSourceSize": {"x":32,"y":18,"w":40,"h":82},
	"sourceSize": {"w":100,"h":100}
},
"max/shorts/max_00007.png":
{
	"frame": {"x":1799,"y":1098,"w":47,"h":80},
	"rotated": false,
	"trimmed": true,
	"spriteSourceSize": {"x":29,"y":19,"w":47,"h":80},
	"sourceSize": {"w":100,"h":100}
},
"max/shorts/max_00008.png":
{
	"frame": {"x":1711,"y":1098,"w":53,"h":77},
	"rotated": false,
	"trimmed": true,
	"spriteSourceSize": {"x":21,"y":21,"w":53,"h":77},
	"sourceSize": {"w":100,"h":100}
},
"max/shorts/max_00009.png":
{
	"frame": {"x":1399,"y":1261,"w":53,"h":78},
	"rotated": false,
	"trimmed": true,
	"spriteSourceSize": {"x":18,"y":20,"w":53,"h":78},
	"sourceSize": {"w":100,"h":100}
},
"max/shorts/max_00010.png":
{
	"frame": {"x":1630,"y":1263,"w":52,"h":78},
	"rotated": false,
	"trimmed": true,
	"spriteSourceSize": {"x":19,"y":18,"w":52,"h":78},
	"sourceSize": {"w":100,"h":100}
},
"max/shorts/max_00011.png":
{
	"frame": {"x":1301,"y":1098,"w":61,"h":71},
	"rotated": false,
	"trimmed": true,
	"spriteSourceSize": {"x":20,"y":27,"w":61,"h":71},
	"sourceSize": {"w":100,"h":100}
},
"max/shorts/max_00012.png":
{
	"frame": {"x":604,"y":1287,"w":76,"h":47},
	"rotated": false,
	"trimmed": true,
	"spriteSourceSize": {"x":11,"y":51,"w":76,"h":47},
	"sourceSize": {"w":100,"h":100}
},
"max/shorts/max_00013.png":
{
	"frame": {"x":380,"y":1200,"w":79,"h":36},
	"rotated": false,
	"trimmed": true,
	"spriteSourceSize": {"x":9,"y":64,"w":79,"h":36},
	"sourceSize": {"w":100,"h":100}
},
"max/shorts/max_00014.png":
{
	"frame": {"x":1110,"y":1098,"w":63,"h":59},
	"rotated": false,
	"trimmed": true,
	"spriteSourceSize": {"x":18,"y":40,"w":63,"h":59},
	"sourceSize": {"w":100,"h":100}
},
"max/shorts/max_00015.png":
{
	"frame": {"x":1874,"y":1264,"w":43,"h":62},
	"rotated": false,
	"trimmed": true,
	"spriteSourceSize": {"x":36,"y":37,"w":43,"h":62},
	"sourceSize": {"w":100,"h":100}
},
"max/shorts/max_00016.png":
{
	"frame": {"x":1509,"y":1266,"w":53,"h":62},
	"rotated": false,
	"trimmed": true,
	"spriteSourceSize": {"x":29,"y":37,"w":53,"h":62},
	"sourceSize": {"w":100,"h":100}
},
"max/shorts/max_00017.png":
{
	"frame": {"x":1951,"y":1182,"w":31,"h":80},
	"rotated": false,
	"trimmed": true,
	"spriteSourceSize": {"x":38,"y":16,"w":31,"h":80},
	"sourceSize": {"w":100,"h":100}
},
"max/shorts/max_00018.png":
{
	"frame": {"x":540,"y":1200,"w":75,"h":85},
	"rotated": false,
	"trimmed": true,
	"spriteSourceSize": {"x":12,"y":14,"w":75,"h":85},
	"sourceSize": {"w":100,"h":100}
},
"max/shorts/max_00019.png":
{
	"frame": {"x":1553,"y":1181,"w":33,"h":83},
	"rotated": false,
	"trimmed": true,
	"spriteSourceSize": {"x":34,"y":17,"w":33,"h":83},
	"sourceSize": {"w":100,"h":100}
},
"max/shorts/max_00020.png":
{
	"frame": {"x":1361,"y":1183,"w":36,"h":83},
	"rotated": false,
	"trimmed": true,
	"spriteSourceSize": {"x":35,"y":17,"w":36,"h":83},
	"sourceSize": {"w":100,"h":100}
},
"max/shorts/max_00021.png":
{
	"frame": {"x":1542,"y":1098,"w":56,"h":81},
	"rotated": false,
	"trimmed": true,
	"spriteSourceSize": {"x":32,"y":18,"w":56,"h":81},
	"sourceSize": {"w":100,"h":100}
},
"three-block-flat.png":
{
	"frame": {"x":403,"y":1098,"w":300,"h":100},
	"rotated": false,
	"trimmed": false,
	"spriteSourceSize": {"x":0,"y":0,"w":300,"h":100},
	"sourceSize": {"w":300,"h":100}
},
"three-block.png":
{
	"frame": {"x":1945,"y":403,"w":100,"h":300},
	"rotated": false,
	"trimmed": false,
	"spriteSourceSize": {"x":0,"y":0,"w":100,"h":300},
	"sourceSize": {"w":100,"h":300}
},
"two-block-flat.png":
{
	"frame": {"x":1,"y":1200,"w":200,"h":100},
	"rotated": false,
	"trimmed": false,
	"spriteSourceSize": {"x":0,"y":0,"w":200,"h":100},
	"sourceSize": {"w":200,"h":100}
},
"two-block.png":
{
	"frame": {"x":1945,"y":705,"w":100,"h":200},
	"rotated": false,
	"trimmed": false,
	"spriteSourceSize": {"x":0,"y":0,"w":100,"h":200},
	"sourceSize": {"w":100,"h":200}
}},
"meta": {
	"app": "http://www.codeandweb.com/texturepacker",
	"version": "1.0",
	"image": "tetris.png",
	"format": "RGBA8888",
	"size": {"w":2046,"h":1348},
	"scale": "1",
	"smartupdate": "$TexturePacker:SmartUpdate:54eff593260e4453f1f1bfc31350238c:21bd84ed2cfcf138350361392a151481:5d9ba46c78e8599c72d033704c9e0771$"
}
}
